{"1": [14.143, 14.4621, 14.1735, 14.2163, 14.1681], "2": [7.64325, 7.68848, 7.83368, 8.00992, 7.96975], "4": [5.13357, 5.15543, 5.1441, 5.2033, 5.15092], "8": [4.28246, 4.34302, 4.23762, 4.31777, 4.30556], "16": [4.38276, 4.38453, 4.42306, 4.49403, 4.44243]}